code,assigned_email,created_at,notes
INV-0001,,2026-05-18T00:00:00Z,seeded for beta
INV-0002,,2026-05-18T00:00:00Z,seeded for beta
INV-0003,,2026-05-18T00:00:00Z,seeded for beta
INV-0004,,2026-05-18T00:00:00Z,seeded for beta
INV-0005,,2026-05-18T00:00:00Z,seeded for beta
INV-0006,,2026-05-18T00:00:00Z,seeded for beta
INV-0007,,2026-05-18T00:00:00Z,seeded for beta
INV-0008,,2026-05-18T00:00:00Z,seeded for beta
INV-0009,,2026-05-18T00:00:00Z,seeded for beta
INV-0010,,2026-05-18T00:00:00Z,seeded for beta
INV-0011,,2026-05-18T00:00:00Z,seeded for beta
INV-0012,,2026-05-18T00:00:00Z,seeded for beta
INV-0013,,2026-05-18T00:00:00Z,seeded for beta
INV-0014,,2026-05-18T00:00:00Z,seeded for beta
INV-0015,,2026-05-18T00:00:00Z,seeded for beta
INV-0016,,2026-05-18T00:00:00Z,seeded for beta
INV-0017,,2026-05-18T00:00:00Z,seeded for beta
INV-0018,,2026-05-18T00:00:00Z,seeded for beta
INV-0019,,2026-05-18T00:00:00Z,seeded for beta
INV-0020,,2026-05-18T00:00:00Z,seeded for beta
INV-0021,,2026-05-18T00:00:00Z,seeded for beta
INV-0022,,2026-05-18T00:00:00Z,seeded for beta
INV-0023,,2026-05-18T00:00:00Z,seeded for beta
INV-0024,,2026-05-18T00:00:00Z,seeded for beta
INV-0025,,2026-05-18T00:00:00Z,seeded for beta
INV-0026,,2026-05-18T00:00:00Z,seeded for beta
INV-0027,,2026-05-18T00:00:00Z,seeded for beta
INV-0028,,2026-05-18T00:00:00Z,seeded for beta
INV-0029,,2026-05-18T00:00:00Z,seeded for beta
INV-0030,,2026-05-18T00:00:00Z,seeded for beta
INV-0031,,2026-05-18T00:00:00Z,seeded for beta
INV-0032,,2026-05-18T00:00:00Z,seeded for beta
INV-0033,,2026-05-18T00:00:00Z,seeded for beta
INV-0034,,2026-05-18T00:00:00Z,seeded for beta
INV-0035,,2026-05-18T00:00:00Z,seeded for beta
INV-0036,,2026-05-18T00:00:00Z,seeded for beta
INV-0037,,2026-05-18T00:00:00Z,seeded for beta
INV-0038,,2026-05-18T00:00:00Z,seeded for beta
INV-0039,,2026-05-18T00:00:00Z,seeded for beta
INV-0040,,2026-05-18T00:00:00Z,seeded for beta
INV-0041,,2026-05-18T00:00:00Z,seeded for beta
INV-0042,,2026-05-18T00:00:00Z,seeded for beta
INV-0043,,2026-05-18T00:00:00Z,seeded for beta
INV-0044,,2026-05-18T00:00:00Z,seeded for beta
INV-0045,,2026-05-18T00:00:00Z,seeded for beta
INV-0046,,2026-05-18T00:00:00Z,seeded for beta
INV-0047,,2026-05-18T00:00:00Z,seeded for beta
INV-0048,,2026-05-18T00:00:00Z,seeded for beta
INV-0049,,2026-05-18T00:00:00Z,seeded for beta
INV-0050,,2026-05-18T00:00:00Z,seeded for beta
